{
	"credit": "Made with Blockbench",
	"texture_size": [128, 128],
	"textures": {
		"0": "kubejs:block/test_model",
		"particle": "kubejs:block/test_model"
	},
	"elements": [
		{
			"from": [-16, 0, 0],
			"to": [32, 32, 16],
			"faces": {
				"north": {"uv": [0, 0, 6, 4], "texture": "#0"},
				"east": {"uv": [6, 4, 8, 8], "texture": "#0"},
				"south": {"uv": [0, 4, 6, 8], "texture": "#0"},
				"west": {"uv": [0, 8, 2, 12], "texture": "#0"},
				"up": {"uv": [12, 2, 6, 0], "texture": "#0"},
				"down": {"uv": [12, 2, 6, 4], "texture": "#0"}
			}
		}
	]
}